{"stallDuration":7274.475000012899,"averageLatency":4.305086666666665,"averageBufferLength":0.41480666666666677,"averageBitrate":361404.5608872656,"numSwitches":2}