{"stallDuration":6768.739999999525,"averageLatency":3.9740000000000006,"averageBufferLength":0.4241000000000002,"averageBitrate":337527.50706623547,"numSwitches":2}