{"stallDuration":7712.755000015022,"averageLatency":1.1880000000000002,"averageBufferLength":0.42702666666666644,"averageBitrate":270605.51006778044,"numSwitches":3}