{"stallDuration":7510.379999963334,"averageLatency":4.549753333333332,"averageBufferLength":0.416706666666667,"averageBitrate":379253.399706729,"numSwitches":2}