{"stallDuration":7269.359999918379,"averageLatency":1.1713533333333328,"averageBufferLength":0.45478,"averageBitrate":252562.48650963316,"numSwitches":2}