{"stallDuration":6266.8500000436325,"averageLatency":3.1373933333333333,"averageBufferLength":0.4119,"averageBitrate":337182.4222399574,"numSwitches":4}