{"stallDuration":5508.374999975786,"averageLatency":3.26012,"averageBufferLength":0.43683999999999995,"averageBitrate":303958.33854804497,"numSwitches":2}