{"stallDuration":7276.1249999457505,"averageLatency":1.1599933333333337,"averageBufferLength":0.44260000000000016,"averageBitrate":256173.22045718032,"numSwitches":2}