{"stallDuration":833.5249999945518,"averageLatency":1.0457068965517238,"averageBufferLength":0.5737586206896552,"averageBitrate":437882.8600476498,"numSwitches":3}