{"stallDuration":19315.3799999709,"averageLatency":1.1047120000000004,"averageBufferLength":0.5842639999999992,"averageBitrate":378271.24301910156,"numSwitches":4}