{"stallDuration":5508.230000021285,"averageLatency":3.2857466666666664,"averageBufferLength":0.5771866666666667,"averageBitrate":541783.8928846954,"numSwitches":3}