{"stallDuration":0,"averageLatency":0.9534655172413793,"averageBufferLength":0.8921379310344826,"averageBitrate":1000000,"numSwitches":1}