{"stallDuration":7759.214999998221,"averageLatency":3.8868333333333323,"averageBufferLength":0.5443133333333333,"averageBitrate":659095.4708451139,"numSwitches":2}