{"stallDuration":7257.819999955245,"averageLatency":3.7716,"averageBufferLength":0.5398600000000002,"averageBitrate":643851.4546389513,"numSwitches":2}