{"stallDuration":0,"averageLatency":0.9619655172413795,"averageBufferLength":0.8890517241379311,"averageBitrate":1000000,"numSwitches":1}