{"stallDuration":8211.370000004536,"averageLatency":3.87872,"averageBufferLength":0.5447333333333333,"averageBitrate":661791.09526344,"numSwitches":2}