{"stallDuration":4007.8099999955157,"averageLatency":2.7995066666666664,"averageBufferLength":0.58922,"averageBitrate":532294.5492485372,"numSwitches":4}