{"stallDuration":4838.974999991478,"averageLatency":2.5663199999999984,"averageBufferLength":0.5797333333333333,"averageBitrate":568404.2088285424,"numSwitches":2}