{"stallDuration":0,"averageLatency":0.9537758620689655,"averageBufferLength":0.8686896551724138,"averageBitrate":1000000,"numSwitches":1}