{"stallDuration":4770.944999982021,"averageLatency":3.1500666666666675,"averageBufferLength":0.5971666666666664,"averageBitrate":527229.6906373807,"numSwitches":4}