{"stallDuration":24353.719999970053,"averageLatency":3.828816296296296,"averageBufferLength":0.5050429629629631,"averageBitrate":289577.2062095276,"numSwitches":2}