{"stallDuration":18124.97999993502,"averageLatency":1.0910866666666668,"averageBufferLength":0.5775639999999996,"averageBitrate":407620.15881617053,"numSwitches":12}