{"stallDuration":17652.729999943404,"averageLatency":1.0903773333333346,"averageBufferLength":0.5820639999999998,"averageBitrate":381754.34882900194,"numSwitches":8}