{"stallDuration":21519.645000065793,"averageLatency":4.039792592592592,"averageBufferLength":0.49057629629629684,"averageBitrate":234471.78321780596,"numSwitches":3}