{"stallDuration":24816.595000083908,"averageLatency":3.150162962962963,"averageBufferLength":0.494342222222222,"averageBitrate":232568.47846258705,"numSwitches":2}