{"stallDuration":0,"averageLatency":0.9552931034482758,"averageBufferLength":0.8748793103448277,"averageBitrate":1000000,"numSwitches":1}