{"stallDuration":23480.73499997554,"averageLatency":4.108743703703702,"averageBufferLength":0.5075022222222219,"averageBitrate":309901.31786778395,"numSwitches":2}