{"stallDuration":0,"averageLatency":0.9583965517241376,"averageBufferLength":0.8768448275862067,"averageBitrate":1000000,"numSwitches":1}