{"stallDuration":9255.114999978105,"averageLatency":4.255786666666667,"averageBufferLength":0.5115933333333333,"averageBitrate":773414.4115099725,"numSwitches":2}