{"stallDuration":16521.70000007027,"averageLatency":2.2519146666666674,"averageBufferLength":0.5855879999999997,"averageBitrate":384453.54026385664,"numSwitches":8}