{"stallDuration":20627.450000072713,"averageLatency":1.1345186666666678,"averageBufferLength":0.5216453333333327,"averageBitrate":230963.01965482737,"numSwitches":15}