{"stallDuration":4511.134999993374,"averageLatency":3.145646666666666,"averageBufferLength":0.6047266666666669,"averageBitrate":524385.7801159694,"numSwitches":3}