{"stallDuration":5011.954999979935,"averageLatency":3.236606666666667,"averageBufferLength":0.4894666666666666,"averageBitrate":408627.22154448484,"numSwitches":3}