{"stallDuration":9214.660000012373,"averageLatency":4.224466666666665,"averageBufferLength":0.53118,"averageBitrate":703402.4490858779,"numSwitches":2}