{"stallDuration":20101.954999976442,"averageLatency":1.1113159999999982,"averageBufferLength":0.5775040000000005,"averageBitrate":380739.04117328586,"numSwitches":8}