{"stallDuration":0,"averageLatency":0.9544655172413793,"averageBufferLength":0.8936034482758621,"averageBitrate":1000000,"numSwitches":1}