{"stallDuration":4765.379999997094,"averageLatency":2.9126600000000002,"averageBufferLength":0.5919266666666669,"averageBitrate":527382.7094677341,"numSwitches":3}