{"stallDuration":1260.6349999987287,"averageLatency":1.0402413793103449,"averageBufferLength":0.6557758620689654,"averageBitrate":599982.8687834644,"numSwitches":3}