{"stallDuration":21057.104999999865,"averageLatency":5.53357733333334,"averageBufferLength":0.5377533333333332,"averageBitrate":298939.6389488368,"numSwitches":7}