{"stallDuration":0,"averageLatency":0.9626379310344826,"averageBufferLength":0.8562758620689654,"averageBitrate":1000000,"numSwitches":1}