{"stallDuration":25408.954999933485,"averageLatency":3.813832592592592,"averageBufferLength":0.5015451851851851,"averageBitrate":311664.6443465339,"numSwitches":2}