{"stallDuration":25040.940000020782,"averageLatency":4.233445925925927,"averageBufferLength":0.4966681481481483,"averageBitrate":290193.6065476402,"numSwitches":2}