{"stallDuration":4512.44500001485,"averageLatency":2.8753533333333325,"averageBufferLength":0.49401333333333336,"averageBitrate":323561.75744503527,"numSwitches":4}