{"stallDuration":5769.8850000306265,"averageLatency":3.326400000000001,"averageBufferLength":0.4946333333333334,"averageBitrate":321677.3465062008,"numSwitches":4}