{"stallDuration":7173.69000002509,"averageLatency":3.4751733333333314,"averageBufferLength":0.55912,"averageBitrate":631568.3719764582,"numSwitches":3}