{"stallDuration":22025.510000035865,"averageLatency":3.975757037037035,"averageBufferLength":0.5134607407407399,"averageBitrate":311250.73760703526,"numSwitches":2}