{"stallDuration":6517.900000006193,"averageLatency":3.5507333333333317,"averageBufferLength":0.5495800000000001,"averageBitrate":625833.5968438059,"numSwitches":2}