{"stallDuration":6082.844999997178,"averageLatency":2.9058133333333336,"averageBufferLength":0.5707133333333335,"averageBitrate":590552.0109808154,"numSwitches":2}