{"stallDuration":5018.224999992526,"averageLatency":2.8766333333333325,"averageBufferLength":0.5297533333333334,"averageBitrate":451046.9152883581,"numSwitches":3}