{"stallDuration":19367.004999963683,"averageLatency":1.1193426666666673,"averageBufferLength":0.571697333333333,"averageBitrate":381518.86570634705,"numSwitches":6}