{"stallDuration":22748.7549999787,"averageLatency":3.4696814814814827,"averageBufferLength":0.5117807407407408,"averageBitrate":305720.49094793387,"numSwitches":2}