{"stallDuration":23674.710000064806,"averageLatency":3.8824592592592593,"averageBufferLength":0.501028148148148,"averageBitrate":307984.875962824,"numSwitches":2}