{"stallDuration":18843.98499999952,"averageLatency":1.1222346666666672,"averageBufferLength":0.5761013333333328,"averageBitrate":377771.6465270085,"numSwitches":4}