{"stallDuration":0,"averageLatency":0.9622586206896551,"averageBufferLength":0.8798620689655173,"averageBitrate":1000000,"numSwitches":1}