{"stallDuration":22960.7000000251,"averageLatency":2.396299999999999,"averageBufferLength":0.5084653333333335,"averageBitrate":225093.09146891872,"numSwitches":13}