{"stallDuration":5011.994999993476,"averageLatency":2.979799999999999,"averageBufferLength":0.4917466666666668,"averageBitrate":388921.97144919226,"numSwitches":3}