{"stallDuration":23088.409999953,"averageLatency":3.9837614814814803,"averageBufferLength":0.4767718518518521,"averageBitrate":223592.67157652014,"numSwitches":3}