{"stallDuration":4477.5099999969825,"averageLatency":2.126113333333333,"averageBufferLength":0.5963133333333338,"averageBitrate":540088.7024715241,"numSwitches":4}