{"stallDuration":21415.795000182698,"averageLatency":3.7700399999999994,"averageBufferLength":0.08906,"averageBitrate":249940.21607236392,"numSwitches":4}