{"stallDuration":7024.429999990389,"averageLatency":1.1778799999999996,"averageBufferLength":0.44046666666666684,"averageBitrate":260666.53153620957,"numSwitches":2}