{"stallDuration":7010.839999944437,"averageLatency":4.3771200000000015,"averageBufferLength":0.4110666666666668,"averageBitrate":375117.7756787377,"numSwitches":2}