{"stallDuration":7510.84000011906,"averageLatency":1.205106666666667,"averageBufferLength":0.4312333333333332,"averageBitrate":279832.22005943046,"numSwitches":2}