{"stallDuration":7757.730000041192,"averageLatency":4.717800000000001,"averageBufferLength":0.4025066666666668,"averageBitrate":385155.0818976803,"numSwitches":2}