{"stallDuration":6904.340000008233,"averageLatency":1.1647599999999994,"averageBufferLength":0.45074,"averageBitrate":262805.4291859366,"numSwitches":2}