{"stallDuration":252.51500000013039,"averageLatency":0.9659137931034482,"averageBufferLength":0.6716379310344827,"averageBitrate":513783.24174082,"numSwitches":3}