{"stallDuration":19793.95999989356,"averageLatency":1.0883506666666654,"averageBufferLength":0.5249293333333337,"averageBitrate":228969.4189301769,"numSwitches":13}