{"stallDuration":8266.900000016904,"averageLatency":3.807419999999999,"averageBufferLength":0.5394199999999998,"averageBitrate":656685.3726857707,"numSwitches":2}