{"stallDuration":17492.174999948475,"averageLatency":1.1124480000000003,"averageBufferLength":0.5886199999999993,"averageBitrate":381637.49025157647,"numSwitches":8}