{"stallDuration":24376.575000060257,"averageLatency":3.923346666666664,"averageBufferLength":0.49769777777777785,"averageBitrate":311386.5918266038,"numSwitches":3}