{"stallDuration":4760.814999986906,"averageLatency":3.073313333333335,"averageBufferLength":0.48984,"averageBitrate":397499.677112952,"numSwitches":3}