{"stallDuration":0,"averageLatency":0.9596379310344826,"averageBufferLength":0.8955172413793102,"averageBitrate":1000000,"numSwitches":1}