{"stallDuration":6508.74499999918,"averageLatency":3.3827333333333334,"averageBufferLength":0.5659333333333335,"averageBitrate":613313.512507057,"numSwitches":2}