{"stallDuration":20913.80500001833,"averageLatency":1.138369333333332,"averageBufferLength":0.512108,"averageBitrate":236896.79792323962,"numSwitches":14}