{"stallDuration":22292.189999920083,"averageLatency":3.9146651851851835,"averageBufferLength":0.5134237037037035,"averageBitrate":309377.1983510361,"numSwitches":2}