{"stallDuration":0,"averageLatency":0.9609827586206895,"averageBufferLength":0.8743620689655172,"averageBitrate":1000000,"numSwitches":1}