{"stallDuration":5523.954999953276,"averageLatency":1.1412200000000001,"averageBufferLength":0.48288,"averageBitrate":301634.0460487577,"numSwitches":5}