{"stallDuration":24561.880000008387,"averageLatency":4.16695407407407,"averageBufferLength":0.48557185185185203,"averageBitrate":222402.65171536937,"numSwitches":3}