{"stallDuration":0,"averageLatency":0.9627068965517241,"averageBufferLength":0.8798965517241382,"averageBitrate":1000000,"numSwitches":1}