{"stallDuration":7428.515000035986,"averageLatency":3.3599333333333337,"averageBufferLength":0.5390266666666667,"averageBitrate":620782.3619507244,"numSwitches":3}