{"stallDuration":20523.83499998541,"averageLatency":1.1325839999999987,"averageBufferLength":0.5167986666666669,"averageBitrate":259377.66528450907,"numSwitches":11}