{"stallDuration":5263.800000015181,"averageLatency":3.1360866666666656,"averageBufferLength":0.5043066666666667,"averageBitrate":448795.5127625237,"numSwitches":3}