{"stallDuration":0,"averageLatency":0.9521206896551724,"averageBufferLength":0.8804137931034484,"averageBitrate":1000000,"numSwitches":1}