{"stallDuration":5014.795000082813,"averageLatency":3.1957866666666663,"averageBufferLength":0.4925799999999999,"averageBitrate":308064.81915265985,"numSwitches":2}