{"stallDuration":8759.59000000148,"averageLatency":4.181566666666667,"averageBufferLength":0.5340266666666664,"averageBitrate":683810.7238699363,"numSwitches":2}