{"stallDuration":25279.984999913722,"averageLatency":3.8034962962962946,"averageBufferLength":0.4818740740740738,"averageBitrate":227789.57945608103,"numSwitches":3}