{"stallDuration":0,"averageLatency":0.9544137931034482,"averageBufferLength":0.8910172413793104,"averageBitrate":1000000,"numSwitches":1}