{"stallDuration":17322.945000007167,"averageLatency":1.0814520000000003,"averageBufferLength":0.571162666666667,"averageBitrate":354286.4348346637,"numSwitches":7}