{"stallDuration":4268.184999935329,"averageLatency":1.0902199999999997,"averageBufferLength":0.4963,"averageBitrate":283418.7412909273,"numSwitches":5}