{"stallDuration":688.045000017155,"averageLatency":0.9881724137931033,"averageBufferLength":0.8207241379310346,"averageBitrate":965176.6234776693,"numSwitches":2}