{"stallDuration":4760.115000011865,"averageLatency":2.999093333333332,"averageBufferLength":0.49693999999999994,"averageBitrate":378027.0983919337,"numSwitches":2}