{"stallDuration":0,"averageLatency":0.9583448275862071,"averageBufferLength":0.8838965517241378,"averageBitrate":1000000,"numSwitches":1}