{"stallDuration":5259.520000021439,"averageLatency":3.1222333333333334,"averageBufferLength":0.5699333333333333,"averageBitrate":506947.11795914685,"numSwitches":3}