{"stallDuration":753.8150000327732,"averageLatency":1.0543793103448278,"averageBufferLength":0.6038793103448277,"averageBitrate":434939.3091022825,"numSwitches":5}