{"stallDuration":7254.665000014938,"averageLatency":3.806713333333335,"averageBufferLength":0.5621599999999997,"averageBitrate":652709.6751019816,"numSwitches":2}