{"stallDuration":25721.630000000005,"averageLatency":3.860014814814815,"averageBufferLength":0.48383703703703695,"averageBitrate":221620.09032238837,"numSwitches":3}