{"stallDuration":8502.910000039265,"averageLatency":4.136573333333333,"averageBufferLength":0.54256,"averageBitrate":677385.716258162,"numSwitches":2}