{"stallDuration":16896.425000028103,"averageLatency":1.8937520000000005,"averageBufferLength":0.5865453333333334,"averageBitrate":382170.73807447497,"numSwitches":6}