{"stallDuration":22707.789999927627,"averageLatency":3.988799999999999,"averageBufferLength":0.47869037037037077,"averageBitrate":239730.56990478627,"numSwitches":3}