{"stallDuration":24820.614999960526,"averageLatency":3.6292370370370377,"averageBufferLength":0.49448148148148163,"averageBitrate":290878.8219980515,"numSwitches":3}