{"stallDuration":6260.4999999457505,"averageLatency":3.3742199999999998,"averageBufferLength":0.48719333333333315,"averageBitrate":449288.3549111498,"numSwitches":5}