{"stallDuration":19220.195000001695,"averageLatency":1.125350666666665,"averageBufferLength":0.5173639999999998,"averageBitrate":224071.48584390304,"numSwitches":13}