{"stallDuration":5992.4349999346305,"averageLatency":2.9460933333333332,"averageBufferLength":0.5700266666666666,"averageBitrate":584740.2759155445,"numSwitches":2}