{"stallDuration":5013.539999956265,"averageLatency":3.2101133333333336,"averageBufferLength":0.4847666666666666,"averageBitrate":356328.8467945204,"numSwitches":2}