{"stallDuration":16813.559999893187,"averageLatency":1.0973546666666665,"averageBufferLength":0.5825213333333329,"averageBitrate":379127.4542880509,"numSwitches":5}