{"stallDuration":24071.040000009816,"averageLatency":3.2218370370370364,"averageBufferLength":0.48664888888888896,"averageBitrate":233459.4601774786,"numSwitches":3}