{"stallDuration":24316.904999985127,"averageLatency":4.032622222222224,"averageBufferLength":0.47678518518518503,"averageBitrate":227812.6462691504,"numSwitches":8}