{"stallDuration":5092.185000001336,"averageLatency":2.67374,"averageBufferLength":0.5834200000000002,"averageBitrate":576393.6287079689,"numSwitches":3}