{"stallDuration":18421.99999996228,"averageLatency":1.1164093333333338,"averageBufferLength":0.5653653333333337,"averageBitrate":332812.28007639124,"numSwitches":9}