{"stallDuration":0,"averageLatency":0.961103448275862,"averageBufferLength":0.8776724137931036,"averageBitrate":1000000,"numSwitches":1}