{"stallDuration":6265.264999965439,"averageLatency":3.311626666666666,"averageBufferLength":0.5119399999999994,"averageBitrate":513891.26632065664,"numSwitches":3}