{"stallDuration":27324.159999960102,"averageLatency":6.047641333333335,"averageBufferLength":0.5428600000000002,"averageBitrate":368262.9850633634,"numSwitches":3}