{"stallDuration":5524.105000018608,"averageLatency":2.9076866666666668,"averageBufferLength":0.5681866666666666,"averageBitrate":572929.1373058546,"numSwitches":3}