{"stallDuration":18448.22999999451,"averageLatency":1.0942266666666676,"averageBufferLength":0.5865959999999995,"averageBitrate":379970.0597546341,"numSwitches":10}