{"stallDuration":5015.859999984968,"averageLatency":3.108979999999999,"averageBufferLength":0.4959933333333333,"averageBitrate":389126.5370357104,"numSwitches":2}