{"stallDuration":6257.840000034776,"averageLatency":3.8717933333333328,"averageBufferLength":0.44604666666666654,"averageBitrate":349428.217464838,"numSwitches":2}