{"stallDuration":7014.289999962784,"averageLatency":1.1880066666666662,"averageBufferLength":0.43132666666666675,"averageBitrate":258613.4246567443,"numSwitches":2}