{"stallDuration":7510.510000021895,"averageLatency":4.7576,"averageBufferLength":0.40695333333333344,"averageBitrate":384079.77250459604,"numSwitches":2}