{"stallDuration":7509.649999992689,"averageLatency":1.1715866666666674,"averageBufferLength":0.4569733333333332,"averageBitrate":257024.92579688024,"numSwitches":2}