{"stallDuration":8520.599999901606,"averageLatency":4.686353333333333,"averageBufferLength":0.41381333333333314,"averageBitrate":390661.5476656732,"numSwitches":2}