{"stallDuration":5129.629999952158,"averageLatency":1.0709599999999995,"averageBufferLength":0.48752666666666655,"averageBitrate":239259.7811086317,"numSwitches":2}