{"stallDuration":7276.860000070883,"averageLatency":1.1921133333333327,"averageBufferLength":0.43568666666666656,"averageBitrate":260944.7884030342,"numSwitches":2}