{"stallDuration":8273.764999990817,"averageLatency":5.088826666666669,"averageBufferLength":0.3967666666666667,"averageBitrate":405594.9677299985,"numSwitches":3}