{"stallDuration":24314.420000067912,"averageLatency":3.9011451851851846,"averageBufferLength":0.4986607407407411,"averageBitrate":291756.7378419947,"numSwitches":2}