{"stallDuration":17167.99000008905,"averageLatency":1.1011053333333338,"averageBufferLength":0.5810853333333333,"averageBitrate":383630.52739541506,"numSwitches":8}