{"stallDuration":23577.810000017053,"averageLatency":3.666337777777779,"averageBufferLength":0.5184681481481487,"averageBitrate":320862.8842080061,"numSwitches":2}