{"stallDuration":23040.34499997215,"averageLatency":3.883028148148151,"averageBufferLength":0.5115437037037038,"averageBitrate":308663.14711015596,"numSwitches":2}