{"stallDuration":1259.315000002971,"averageLatency":0.9881206896551723,"averageBufferLength":0.6302758620689655,"averageBitrate":515897.3466436986,"numSwitches":5}