{"stallDuration":0,"averageLatency":0.9568620689655174,"averageBufferLength":0.8676724137931034,"averageBitrate":1000000,"numSwitches":1}