{"stallDuration":0,"averageLatency":0.9563965517241376,"averageBufferLength":0.8826379310344827,"averageBitrate":1000000,"numSwitches":1}