{"stallDuration":22986.980000016047,"averageLatency":3.803917037037037,"averageBufferLength":0.5031244444444445,"averageBitrate":299149.10238316905,"numSwitches":3}