{"stallDuration":19993.205000006128,"averageLatency":1.118621333333332,"averageBufferLength":0.5270106666666676,"averageBitrate":228643.86978476538,"numSwitches":13}