{"stallDuration":8773.62500000163,"averageLatency":3.600893333333333,"averageBufferLength":0.5288933333333335,"averageBitrate":662426.4815167803,"numSwitches":3}