{"stallDuration":18772.374999985914,"averageLatency":1.1150640000000007,"averageBufferLength":0.5845799999999995,"averageBitrate":380035.8526894796,"numSwitches":6}