{"stallDuration":22344.70000001602,"averageLatency":3.934986666666666,"averageBufferLength":0.5070592592592599,"averageBitrate":310414.54030888656,"numSwitches":3}