{"stallDuration":21412.440000043716,"averageLatency":4.355526666666666,"averageBufferLength":0.11954,"averageBitrate":283780.48785204213,"numSwitches":3}