{"stallDuration":17469.870000015362,"averageLatency":1.1236373333333338,"averageBufferLength":0.5833319999999991,"averageBitrate":377705.0416448357,"numSwitches":4}