{"stallDuration":6005.5799999972805,"averageLatency":3.0556666666666654,"averageBufferLength":0.5681866666666667,"averageBitrate":591088.6858326616,"numSwitches":3}