{"stallDuration":4764.464999985648,"averageLatency":2.971280000000001,"averageBufferLength":0.5851666666666665,"averageBitrate":571520.1889295328,"numSwitches":3}