{"stallDuration":5262.650000018766,"averageLatency":1.1192000000000002,"averageBufferLength":0.4956200000000003,"averageBitrate":294700.16904879897,"numSwitches":3}