{"stallDuration":6028.7200000020675,"averageLatency":3.261506666666667,"averageBufferLength":0.4882400000000001,"averageBitrate":365261.11559140286,"numSwitches":4}