{"stallDuration":0,"averageLatency":0.9560344827586207,"averageBufferLength":0.863603448275862,"averageBitrate":1000000,"numSwitches":1}