{"stallDuration":5272.620000003371,"averageLatency":1.1345133333333333,"averageBufferLength":0.4853466666666666,"averageBitrate":299394.059763498,"numSwitches":3}