{"stallDuration":0,"averageLatency":0.9517413793103445,"averageBufferLength":0.8626379310344827,"averageBitrate":1000000,"numSwitches":1}