{"stallDuration":19643.69500000612,"averageLatency":1.1120266666666674,"averageBufferLength":0.5581493333333326,"averageBitrate":343323.0759096685,"numSwitches":7}