{"stallDuration":8261.429999984102,"averageLatency":4.100286666666667,"averageBufferLength":0.52594,"averageBitrate":690825.0929453552,"numSwitches":2}