{"stallDuration":19657.314999829396,"averageLatency":4.39798,"averageBufferLength":0.1957066666666669,"averageBitrate":465948.46511827153,"numSwitches":4}