{"stallDuration":4762.644999980694,"averageLatency":3.082553333333333,"averageBufferLength":0.6047066666666667,"averageBitrate":528472.3797047687,"numSwitches":2}