{"stallDuration":20747.805000064545,"averageLatency":1.1391562082777025,"averageBufferLength":0.5683217623498,"averageBitrate":378950.47548455646,"numSwitches":6}