{"stallDuration":17623.15000005765,"averageLatency":1.1098946666666658,"averageBufferLength":0.5794066666666672,"averageBitrate":388714.81336694094,"numSwitches":6}