{"stallDuration":7763.510000004317,"averageLatency":3.761473333333332,"averageBufferLength":0.5480066666666664,"averageBitrate":645930.5523546704,"numSwitches":2}