{"stallDuration":5953.580000001239,"averageLatency":1.1108200000000001,"averageBufferLength":0.4921666666666667,"averageBitrate":296895.07670626807,"numSwitches":5}