{"stallDuration":5095.619999963674,"averageLatency":3.152273333333332,"averageBufferLength":0.5864266666666668,"averageBitrate":536986.1012566243,"numSwitches":5}