{"stallDuration":0,"averageLatency":0.951258620689655,"averageBufferLength":0.8818103448275859,"averageBitrate":1000000,"numSwitches":1}