{"stallDuration":0,"averageLatency":0.9537931034482761,"averageBufferLength":0.8766379310344827,"averageBitrate":1000000,"numSwitches":1}