{"stallDuration":4014.3799999932526,"averageLatency":2.3074,"averageBufferLength":0.4937400000000001,"averageBitrate":292707.79096118314,"numSwitches":5}