{"stallDuration":24670.600000026752,"averageLatency":3.8135925925925918,"averageBufferLength":0.48299259259259225,"averageBitrate":221187.50342867067,"numSwitches":3}