{"stallDuration":4767.045000029611,"averageLatency":2.9563666666666673,"averageBufferLength":0.6022933333333333,"averageBitrate":526020.0242980957,"numSwitches":3}