{"stallDuration":24063.795000009122,"averageLatency":3.6460933333333294,"averageBufferLength":0.5067081481481484,"averageBitrate":292042.695661074,"numSwitches":3}