{"stallDuration":4008.7950000015553,"averageLatency":2.74888,"averageBufferLength":0.6112733333333336,"averageBitrate":527716.14812946,"numSwitches":2}