{"stallDuration":17917.635000078008,"averageLatency":1.1077853333333343,"averageBufferLength":0.5841880000000007,"averageBitrate":374846.51470635424,"numSwitches":4}