{"stallDuration":23178.049999987707,"averageLatency":3.64012148148148,"averageBufferLength":0.49662074074074125,"averageBitrate":253798.0629676034,"numSwitches":3}