{"stallDuration":20445.57499997609,"averageLatency":1.1283626666666673,"averageBufferLength":0.5793960000000002,"averageBitrate":380398.42250814306,"numSwitches":6}