{"stallDuration":0,"averageLatency":0.954913793103448,"averageBufferLength":0.882603448275862,"averageBitrate":1000000,"numSwitches":1}