{"stallDuration":0,"averageLatency":0.9561551724137929,"averageBufferLength":0.8636551724137933,"averageBitrate":1000000,"numSwitches":1}