{"stallDuration":23312.344999896595,"averageLatency":3.874010370370369,"averageBufferLength":0.5024622222222225,"averageBitrate":313310.5550472091,"numSwitches":2}