{"stallDuration":4508.694999996806,"averageLatency":2.890106666666669,"averageBufferLength":0.5983000000000003,"averageBitrate":534777.2051658807,"numSwitches":3}