{"stallDuration":7258.854999992764,"averageLatency":3.6856733333333334,"averageBufferLength":0.5585466666666667,"averageBitrate":636310.5441327211,"numSwitches":2}