{"stallDuration":5511.164999988978,"averageLatency":3.313140000000001,"averageBufferLength":0.4858199999999999,"averageBitrate":308349.05597831827,"numSwitches":3}