{"stallDuration":0,"averageLatency":0.9583103448275859,"averageBufferLength":0.8777241379310345,"averageBitrate":1000000,"numSwitches":1}