{"stallDuration":8755.9299999848,"averageLatency":4.188006666666667,"averageBufferLength":0.5307333333333332,"averageBitrate":717849.6147787739,"numSwitches":3}