{"stallDuration":24194.439999992028,"averageLatency":3.609900740740738,"averageBufferLength":0.4796474074074075,"averageBitrate":218903.6667786599,"numSwitches":2}