{"stallDuration":24063.624999995227,"averageLatency":4.108088888888889,"averageBufferLength":0.4767081481481483,"averageBitrate":222531.08878304434,"numSwitches":3}