{"stallDuration":20956.389999977546,"averageLatency":1.130408,"averageBufferLength":0.5265893333333334,"averageBitrate":227412.28932884702,"numSwitches":9}