{"stallDuration":12030.21499998431,"averageLatency":6.1428860000000025,"averageBufferLength":0.46530200000000016,"averageAvgThroughput":493.5,"averageBitrate":245404.88374577864,"numSwitches":2}