{"stallDuration":27279.174999683164,"averageLatency":2.0422720000000023,"averageBufferLength":0.4936840000000001,"averageBitrate":221048.98614395192,"numSwitches":11}