{"stallDuration":19651.165001210757,"averageLatency":1.1345520000000007,"averageBufferLength":0.517001333333333,"averageBitrate":233627.04912251525,"numSwitches":15}