{"stallDuration":15546.009999932721,"averageLatency":7.354087999999992,"averageBufferLength":0.46892599999999995,"averageBitrate":258183.33116259222,"numSwitches":4}