{"stallDuration":55735.659998841584,"averageLatency":7.7765200000000005,"averageBufferLength":0.26812200000000036,"averageAvgThroughput":1213.8,"averageBitrate":225914.81182533616,"numSwitches":2}