{"stallDuration":250.2900000254158,"averageLatency":0.9574655172413793,"averageBufferLength":0.8796034482758621,"averageBitrate":1000000,"numSwitches":1}