{"stallDuration":19554.60499948822,"averageLatency":1.1123579999999993,"averageBufferLength":0.46485000000000026,"averageAvgThroughput":481.25,"averageBitrate":222112.66376770544,"numSwitches":2}