{"stallDuration":18604.734999942593,"averageLatency":1.09738,"averageBufferLength":0.5754773333333335,"averageBitrate":379277.40029624075,"numSwitches":4}