{"stallDuration":1503.025000100024,"averageLatency":1.034890666666667,"averageBufferLength":0.5475933333333345,"averageAvgThroughput":1125.75,"averageBitrate":219268.16444455134,"numSwitches":4}