{"stallDuration":43394.82499891892,"averageLatency":7.360882000000002,"averageBufferLength":0.31683199999999984,"averageAvgThroughput":588.8571428571429,"averageBitrate":221250.63720461636,"numSwitches":2}