{"stallDuration":17655.599999707192,"averageLatency":1.1091706666666654,"averageBufferLength":0.5746773333333333,"averageBitrate":381953.19919269334,"numSwitches":4}