{"stallDuration":20084.58000002429,"averageLatency":1.1338546666666662,"averageBufferLength":0.5148013333333331,"averageBitrate":224286.56392048937,"numSwitches":14}