{"stallDuration":18034.139999988838,"averageLatency":1.115435999999998,"averageBufferLength":0.5666946666666672,"averageBitrate":352442.4135803117,"numSwitches":7}