{"stallDuration":13517.599999998718,"averageLatency":6.079136000000005,"averageBufferLength":0.4671439999999996,"averageAvgThroughput":480.75,"averageBitrate":241623.74682177266,"numSwitches":2}