{"stallDuration":16576.805000309832,"averageLatency":1.0861360000000004,"averageBufferLength":0.5818120000000008,"averageAvgThroughput":2151.066975404228,"averageBitrate":378877.93871681404,"numSwitches":6}