{"stallDuration":15025.515000008454,"averageLatency":6.514224000000005,"averageBufferLength":0.4610260000000001,"averageAvgThroughput":499,"averageBitrate":246456.50365879235,"numSwitches":2}