{"stallDuration":14800.00999988988,"averageLatency":5.962691999999999,"averageBufferLength":0.47449800000000003,"averageAvgThroughput":488.25,"averageBitrate":239356.35520396524,"numSwitches":2}