{"stallDuration":20772.089999401942,"averageLatency":1.1361279999999998,"averageBufferLength":0.46203799999999995,"averageAvgThroughput":498.75,"averageBitrate":224812.4993613832,"numSwitches":3}