{"stallDuration":17138.62000001245,"averageLatency":1.0945733333333343,"averageBufferLength":0.5766413333333328,"averageBitrate":382378.16043986374,"numSwitches":6}