{"stallDuration":26379.099999088794,"averageLatency":1.2238306666666672,"averageBufferLength":0.4917426666666666,"averageBitrate":239278.40698241952,"numSwitches":21}