{"stallDuration":17846.734999955515,"averageLatency":1.1068919999999989,"averageBufferLength":0.5819213333333327,"averageBitrate":381244.72454451735,"numSwitches":6}