{"stallDuration":20320.995000001858,"averageLatency":2.1471973333333345,"averageBufferLength":0.582245333333332,"averageBitrate":392011.9138779281,"numSwitches":8}