{"stallDuration":82540.67000059877,"averageLatency":9.086025333333343,"averageBufferLength":0.21491733333333288,"averageAvgThroughput":1028.5714285714287,"averageBitrate":353390.51878948486,"numSwitches":3}