{"stallDuration":12033.259999999289,"averageLatency":5.211028056112223,"averageBufferLength":0.4752204408817631,"averageAvgThroughput":505.5,"averageBitrate":236037.24115978405,"numSwitches":2}