{"stallDuration":0,"averageLatency":72.16871866666669,"averageBufferLength":0.8663853333333333,"averageBitrate":907848.344586049,"numSwitches":2}