{"stallDuration":65316.68499892112,"averageLatency":14.088519038076145,"averageBufferLength":0.21073947895791573,"averageAvgThroughput":355.22222222222223,"averageBitrate":295796.82037206774,"numSwitches":4}