{"stallDuration":14721.875000017462,"averageLatency":6.107912000000002,"averageBufferLength":0.4699739999999999,"averageAvgThroughput":502.5,"averageBitrate":243435.40446710968,"numSwitches":2}