{"stallDuration":26733.15999924671,"averageLatency":1.258916,"averageBufferLength":0.4289219999999999,"averageAvgThroughput":502.25,"averageBitrate":219983.8770787327,"numSwitches":2}