{"stallDuration":18586.62999999069,"averageLatency":1.1129920000000009,"averageBufferLength":0.5832373333333336,"averageBitrate":379435.00570238376,"numSwitches":5}