{"stallDuration":17013.110000007146,"averageLatency":7.834578,"averageBufferLength":0.45257000000000003,"averageAvgThroughput":502.75,"averageBitrate":265078.9122292757,"numSwitches":2}