{"stallDuration":22128.515000338666,"averageLatency":1.134444,"averageBufferLength":0.5072199999999998,"averageBitrate":228168.51672304157,"numSwitches":11}