{"stallDuration":38524.64999991935,"averageLatency":10.319395999999998,"averageBufferLength":0.3487919999999999,"averageAvgThroughput":516,"averageBitrate":224665.36195868676,"numSwitches":2}