{"stallDuration":18005.809999420308,"averageLatency":2.205466666666668,"averageBufferLength":0.6005226666666661,"averageBitrate":394260.7625735544,"numSwitches":8}