{"stallDuration":19553.425000001836,"averageLatency":10.263664,"averageBufferLength":0.43948000000000015,"averageAvgThroughput":497.5,"averageBitrate":298827.63319173385,"numSwitches":2}