{"stallDuration":19734.695000341162,"averageLatency":1.1216893333333329,"averageBufferLength":0.5119200000000003,"averageBitrate":215214.8198724552,"numSwitches":3}