{"stallDuration":24076.944999862462,"averageLatency":5.686598666666674,"averageBufferLength":0.544582666666666,"averageBitrate":508928.08831401897,"numSwitches":2}