{"stallDuration":3515.7299999991665,"averageLatency":1.027574666666669,"averageBufferLength":0.5849413333333326,"averageBitrate":380310.63733109843,"numSwitches":8}