{"stallDuration":20043.96000003908,"averageLatency":1.1172973333333336,"averageBufferLength":0.504450666666667,"averageBitrate":223134.47092167285,"numSwitches":9}