{"stallDuration":13030.144999999953,"averageLatency":4.888588000000004,"averageBufferLength":0.48149200000000025,"averageAvgThroughput":494.5,"averageBitrate":232653.98675484522,"numSwitches":3}