{"stallDuration":17533.83999997459,"averageLatency":8.642782000000004,"averageBufferLength":0.4513299999999999,"averageAvgThroughput":494,"averageBitrate":273124.88007570955,"numSwitches":2}