{"stallDuration":2757.869999986724,"averageLatency":1.0371599999999996,"averageBufferLength":0.5409946666666672,"averageBitrate":229662.2073894216,"numSwitches":11}