{"stallDuration":21671.46999994293,"averageLatency":1.1276800000000007,"averageBufferLength":0.5741466666666661,"averageBitrate":383113.473221969,"numSwitches":2}