{"stallDuration":77108.43999999766,"averageLatency":12.501119999999997,"averageBufferLength":0.09021400000000011,"averageAvgThroughput":980.4,"averageBitrate":200000,"numSwitches":2}