{"stallDuration":33030.7649995666,"averageLatency":6.8822439999999965,"averageBufferLength":0.40668666666666736,"averageBitrate":339884.1023857158,"numSwitches":33}