{"stallDuration":41320.6650000004,"averageLatency":10.525196000000005,"averageBufferLength":0.3320079999999999,"averageAvgThroughput":509.5,"averageBitrate":260991.3025184932,"numSwitches":3}