{"stallDuration":11871.914999981527,"averageLatency":4.709850000000002,"averageBufferLength":0.4695499999999997,"averageAvgThroughput":484.5,"averageBitrate":231368.6249515077,"numSwitches":2}