{"stallDuration":13770.379999972647,"averageLatency":5.552346,"averageBufferLength":0.4789060000000001,"averageAvgThroughput":481.75,"averageBitrate":238265.91188516683,"numSwitches":2}