{"stallDuration":13276.195000005828,"averageLatency":4.392095999999998,"averageBufferLength":0.4834100000000002,"averageAvgThroughput":500.75,"averageBitrate":236502.23047094606,"numSwitches":3}