{"stallDuration":20068.24499927461,"averageLatency":1.1250653333333347,"averageBufferLength":0.5743786666666663,"averageAvgThroughput":1084,"averageBitrate":380642.2820319048,"numSwitches":6}