{"stallDuration":13719.234999851324,"averageLatency":6.611278,"averageBufferLength":0.4672619999999999,"averageAvgThroughput":504.5,"averageBitrate":246746.90349567853,"numSwitches":2}