{"stallDuration":1501.809999695979,"averageLatency":1.0393760000000007,"averageBufferLength":0.5312066666666663,"averageAvgThroughput":1120.25,"averageBitrate":219924.0782748531,"numSwitches":6}