{"stallDuration":13024.274999999287,"averageLatency":5.015859999999998,"averageBufferLength":0.48252599999999995,"averageAvgThroughput":503,"averageBitrate":232343.17572986463,"numSwitches":2}