{"stallDuration":42829.59000009578,"averageLatency":11.423713426853705,"averageBufferLength":0.32539278557114226,"averageAvgThroughput":440.5,"averageBitrate":221226.39533507806,"numSwitches":2}