{"stallDuration":20969.35500006657,"averageLatency":2.131423999999999,"averageBufferLength":0.525278666666666,"averageAvgThroughput":1071.25,"averageBitrate":227933.68922700646,"numSwitches":16}