{"stallDuration":13035.994999976538,"averageLatency":5.273704,"averageBufferLength":0.48290600000000006,"averageBitrate":234253.356454134,"numSwitches":2}