{"stallDuration":29969.44999997504,"averageLatency":13.08616533333334,"averageBufferLength":0.49663866666666695,"averageBitrate":232110.35781550786,"numSwitches":9}