{"stallDuration":14373.135000038019,"averageLatency":6.5047835671342655,"averageBufferLength":0.4775751503006011,"averageAvgThroughput":476.5,"averageBitrate":247688.84856311476,"numSwitches":2}