{"stallDuration":14286.934999989171,"averageLatency":6.166909999999995,"averageBufferLength":0.47169800000000023,"averageAvgThroughput":486.75,"averageBitrate":238901.22842187772,"numSwitches":2}