{"stallDuration":7269.880000007106,"averageLatency":1.149393333333333,"averageBufferLength":0.44612666666666656,"averageBitrate":256032.1579668013,"numSwitches":2}