{"stallDuration":20129.82000003103,"averageLatency":3.369553333333331,"averageBufferLength":0.09962,"averageBitrate":286763.8214364209,"numSwitches":3}