{"stallDuration":11555.535000079544,"averageLatency":3.6524866666666664,"averageBufferLength":0.3476866666666666,"averageBitrate":490353.28532439074,"numSwitches":8}