{"stallDuration":6714.735000074143,"averageLatency":2.8264533333333315,"averageBufferLength":0.4048133333333333,"averageBitrate":298860.0715592377,"numSwitches":2}