{"stallDuration":6960.495000006631,"averageLatency":1.1746600000000014,"averageBufferLength":0.46545333333333366,"averageBitrate":263759.6435405141,"numSwitches":2}