{"stallDuration":8716.705000115326,"averageLatency":2.9382866666666674,"averageBufferLength":0.38912666666666657,"averageBitrate":256589.89185488294,"numSwitches":3}