{"stallDuration":9291.444999893429,"averageLatency":4.873793333333334,"averageBufferLength":0.3826866666666667,"averageBitrate":471386.19602882914,"numSwitches":3}