{"stallDuration":7126.110000011977,"averageLatency":1.1584533333333331,"averageBufferLength":0.4169266666666666,"averageBitrate":255044.34318685043,"numSwitches":2}